policy,seed,episode_return,success,steps,action_energy,max_position,final_position
zero,2026,0.0,False,999,0.0,-0.48294633626937866,-0.5281421542167664
zero,2027,0.0,False,999,0.0,-0.4487285315990448,-0.5175642371177673
zero,2028,0.0,False,999,0.0,-0.5226486921310425,-0.52341628074646
zero,2029,0.0,False,999,0.0,-0.44009876251220703,-0.5358589291572571
zero,2030,0.0,False,999,0.0,-0.5207350850105286,-0.5230529308319092
zero,2031,0.0,False,999,0.0,-0.5228775143623352,-0.523460865020752
zero,2032,0.0,False,999,0.0,-0.4966281056404114,-0.5193795561790466
zero,2033,0.0,False,999,0.0,-0.4643191695213318,-0.5248607397079468
zero,2034,0.0,False,999,0.0,-0.45791468024253845,-0.5224344730377197
zero,2035,0.0,False,999,0.0,-0.48117750883102417,-0.528039276599884
zero,2036,0.0,False,999,0.0,-0.40522024035453796,-0.5794259309768677
zero,2037,0.0,False,999,0.0,-0.42004430294036865,-0.5572053790092468
zero,2038,0.0,False,999,0.0,-0.4681980013847351,-0.5212182402610779
zero,2039,0.0,False,999,0.0,-0.47635215520858765,-0.5196454524993896
zero,2040,0.0,False,999,0.0,-0.4623465836048126,-0.5230037569999695
zero,2041,0.0,False,999,0.0,-0.48396673798561096,-0.5190110206604004
zero,2042,0.0,False,999,0.0,-0.49327829480171204,-0.519135594367981
zero,2043,0.0,False,999,0.0,-0.4322240948677063,-0.5430541634559631
zero,2044,0.0,False,999,0.0,-0.5091856122016907,-0.5209844708442688
zero,2045,0.0,False,999,0.0,-0.41677767038345337,-0.5617586970329285
zero,2046,0.0,False,999,0.0,-0.5153992772102356,-0.5220556855201721
zero,2047,0.0,False,999,0.0,-0.5026095509529114,-0.520025908946991
zero,2048,0.0,False,999,0.0,-0.44423893094062805,-0.5326629281044006
zero,2049,0.0,False,999,0.0,-0.5177194476127625,-0.524714469909668
zero,2050,0.0,False,999,0.0,-0.4305819272994995,-0.5447449684143066
zero,2051,0.0,False,999,0.0,-0.4866515100002289,-0.5189557671546936
zero,2052,0.0,False,999,0.0,-0.5222616195678711,-0.5238543748855591
zero,2053,0.0,False,999,0.0,-0.4468648135662079,-0.5308371782302856
zero,2054,0.0,False,999,0.0,-0.49930495023727417,-0.5196375250816345
zero,2055,0.0,False,999,0.0,-0.4501488506793976,-0.5287662744522095
zero,2056,0.0,False,999,0.0,-0.4308629333972931,-0.5444510579109192
zero,2057,0.0,False,999,0.0,-0.4089430272579193,-0.5733405351638794
zero,2058,0.0,False,999,0.0,-0.48161107301712036,-0.5191295146942139
zero,2059,0.0,False,999,0.0,-0.5030642151832581,-0.5271132588386536
zero,2060,0.0,False,999,0.0,-0.40370482206344604,-0.58199542760849
zero,2061,0.0,False,999,0.0,-0.4778013825416565,-0.5277311205863953
zero,2062,0.0,False,999,0.0,-0.42319706082344055,-0.5531802177429199
zero,2063,0.0,False,999,0.0,-0.5107956528663635,-0.5259484648704529
zero,2064,0.0,False,999,0.0,-0.46953967213630676,-0.5208891034126282
zero,2065,0.0,False,999,0.0,-0.4497787356376648,-0.5289880037307739
zero,2066,0.0,False,999,0.0,-0.44909632205963135,-0.517792820930481
zero,2067,0.0,False,999,0.0,-0.433361679315567,-0.5419227480888367
zero,2068,0.0,False,999,0.0,-0.44087618589401245,-0.5352286696434021
zero,2069,0.0,False,999,0.0,-0.5097599625587463,-0.5261197090148926
zero,2070,0.0,False,999,0.0,-0.49753594398498535,-0.5277361869812012
zero,2071,0.0,False,999,0.0,-0.4171987771987915,-0.5611461997032166
zero,2072,0.0,False,999,0.0,-0.5046396255493164,-0.5269006490707397
zero,2073,0.0,False,999,0.0,-0.4034757614135742,-0.5823876857757568
zero,2074,0.0,False,999,0.0,-0.4811552166938782,-0.5280369520187378
zero,2075,0.0,False,999,0.0,-0.4730795621871948,-0.5201575756072998
zero,2076,0.0,False,999,0.0,-0.4742791950702667,-0.5272459983825684
zero,2077,0.0,False,999,0.0,-0.4044751524925232,-0.5806829333305359
zero,2078,0.0,False,999,0.0,-0.5006507039070129,-0.519787073135376
zero,2079,0.0,False,999,0.0,-0.49483004212379456,-0.5192379355430603
zero,2080,0.0,False,999,0.0,-0.4687933027744293,-0.5261287689208984
zero,2081,0.0,False,999,0.0,-0.5174860954284668,-0.5247571468353271
zero,2082,0.0,False,999,0.0,-0.5085307955741882,-0.5208786725997925
zero,2083,0.0,False,999,0.0,-0.4056061804294586,-0.5787791609764099
zero,2084,0.0,False,999,0.0,-0.4266539216041565,-0.5490611791610718
zero,2085,0.0,False,999,0.0,-0.4788767099380493,-0.5193533301353455
zero,2086,0.0,False,999,0.0,-0.46374621987342834,-0.5246739983558655
zero,2087,0.0,False,999,0.0,-0.5164436101913452,-0.5222472548484802
zero,2088,0.0,False,999,0.0,-0.5059863328933716,-0.5267072916030884
zero,2089,0.0,False,999,0.0,-0.46751081943511963,-0.5257995128631592
zero,2090,0.0,False,999,0.0,-0.5001298785209656,-0.5197281837463379
zero,2091,0.0,False,999,0.0,-0.48197558522224426,-0.5280899405479431
zero,2092,0.0,False,999,0.0,-0.4526146352291107,-0.5273622870445251
zero,2093,0.0,False,999,0.0,-0.40618252754211426,-0.5778212547302246
zero,2094,0.0,False,999,0.0,-0.45600244402885437,-0.5215614438056946
zero,2095,0.0,False,999,0.0,-0.42036157846450806,-0.5567861795425415
zero,2096,0.0,False,999,0.0,-0.4776417315006256,-0.5277126431465149
zero,2097,0.0,False,999,0.0,-0.4677346646785736,-0.5258582830429077
zero,2098,0.0,False,999,0.0,-0.5125373601913452,-0.5215466618537903
zero,2099,0.0,False,999,0.0,-0.4844726324081421,-0.5189951062202454
zero,2100,0.0,False,999,0.0,-0.5069893002510071,-0.5265577435493469
zero,2101,0.0,False,999,0.0,-0.4687807261943817,-0.5261255502700806
zero,2102,0.0,False,999,0.0,-0.4762372374534607,-0.5275367498397827
zero,2103,0.0,False,999,0.0,-0.4100249111652374,-0.5716338157653809
zero,2104,0.0,False,999,0.0,-0.4681967496871948,-0.5212188363075256
zero,2105,0.0,False,999,0.0,-0.41348007321357727,-0.5663865804672241
zero,2106,0.0,False,999,0.0,-0.5075201988220215,-0.5207211971282959
zero,2107,0.0,False,999,0.0,-0.5178848505020142,-0.5246831774711609
zero,2108,0.0,False,999,0.0,-0.5083420872688293,-0.5208495855331421
zero,2109,0.0,False,999,0.0,-0.4930172562599182,-0.5280776023864746
zero,2110,0.0,False,999,0.0,-0.5085752010345459,-0.5208864212036133
zero,2111,0.0,False,999,0.0,-0.46579936146736145,-0.5218814611434937
zero,2112,0.0,False,999,0.0,-0.4640112817287445,-0.5247616767883301
zero,2113,0.0,False,999,0.0,-0.5182293653488159,-0.5225787162780762
zero,2114,0.0,False,999,0.0,-0.4411372244358063,-0.5350204706192017
zero,2115,0.0,False,999,0.0,-0.5087381601333618,-0.520912230014801
zero,2116,0.0,False,999,0.0,-0.437397837638855,-0.5381588935852051
zero,2117,0.0,False,999,0.0,-0.5149714946746826,-0.5252186059951782
zero,2118,0.0,False,999,0.0,-0.5108954310417175,-0.5259307026863098
zero,2119,0.0,False,999,0.0,-0.4699098765850067,-0.5263937711715698
zero,2120,0.0,False,999,0.0,-0.4577657878398895,-0.5223690867424011
zero,2121,0.0,False,999,0.0,-0.5043522119522095,-0.5202578902244568
zero,2122,0.0,False,999,0.0,-0.46848565340042114,-0.5211451053619385
zero,2123,0.0,False,999,0.0,-0.4935341477394104,-0.5280468463897705
zero,2124,0.0,False,999,0.0,-0.5189205408096313,-0.5227087140083313
zero,2125,0.0,False,999,0.0,-0.5211229920387268,-0.523126482963562
random,2026,-32.71472508030996,False,999,327.1472508030991,-0.25042450428009033,-0.363691121339798
random,2027,-33.17499787569811,False,999,331.7499787569801,-0.19737140834331512,-0.30745357275009155
random,2028,-32.86795642519604,False,999,328.6795642519601,-0.1713019162416458,-0.6494353413581848
random,2029,-33.11369323859815,False,999,331.13693238598154,-0.36617887020111084,-0.6862989068031311
random,2030,-32.20864221072827,False,999,322.0864221072829,-0.2242862582206726,-0.3602351248264313
random,2031,-33.302994905845665,False,999,333.0299490584567,-0.06565629690885544,-0.8986421823501587
random,2032,-32.87586749012711,False,999,328.7586749012711,-0.26874828338623047,-0.339175820350647
random,2033,-32.91320677233293,False,999,329.13206772332967,0.09606524556875229,0.06047877296805382
random,2034,67.97996415806719,True,971,320.2003584193277,0.4508898854255676,0.4508898854255676
random,2035,-33.72307780348798,False,999,337.23077803487985,-0.0014144349843263626,-0.8885099291801453
random,2036,-33.13135107266201,False,999,331.31351072661977,-0.33949506282806396,-0.4424573481082916
random,2037,-33.058513804125,False,999,330.5851380412503,0.005078878719359636,-0.2720249891281128
random,2038,-32.209653678658164,False,999,322.0965367865811,-0.1417422592639923,-0.6933470368385315
random,2039,-34.41813836029221,False,999,344.1813836029221,-0.23007306456565857,-0.5749697685241699
random,2040,-31.49165239076142,False,999,314.916523907614,-0.09276072680950165,-0.538301408290863
random,2041,-33.7422257237352,False,999,337.42225723735186,-0.024978524073958397,-0.6376613974571228
random,2042,-32.625499312499706,False,999,326.2549931249964,-0.1536061018705368,-0.6217460036277771
random,2043,-33.930045622707105,False,999,339.3004562270708,-0.27688413858413696,-0.47388699650764465
random,2044,-32.61026061125968,False,999,326.1026061125968,-0.31636151671409607,-0.6506280303001404
random,2045,-32.861414733965,False,999,328.61414733964995,-0.26374298334121704,-0.5202546119689941
random,2046,-34.7619674556069,False,999,347.61967455607,0.19041122496128082,-0.7024520635604858
random,2047,-32.79711225312978,False,999,327.97112253129745,-0.0313858836889267,-0.19926020503044128
random,2048,-32.608567950808016,False,999,326.08567950807947,-0.09615014493465424,-0.49605026841163635
random,2049,-32.85245137398195,False,999,328.524513739819,-0.3546210527420044,-0.5244390964508057
random,2050,-35.22529112786678,False,999,352.2529112786678,0.11820798367261887,-0.4848427474498749
random,2051,-32.91968440329371,False,999,329.19684403293655,-0.23291805386543274,-0.30849364399909973
random,2052,-32.923925976313505,False,999,329.23925976313575,-0.1803853064775467,-0.38224172592163086
random,2053,-34.73270626119065,False,999,347.32706261190623,-0.3058384358882904,-0.36196279525756836
random,2054,-34.29434561300431,False,999,342.9434561300437,-0.37752074003219604,-0.6501442193984985
random,2055,-34.042480535145515,False,999,340.42480535145444,-0.24675112962722778,-0.6166260838508606
random,2056,-33.65714371648601,False,999,336.5714371648599,-0.18008682131767273,-0.39200788736343384
random,2057,-32.308447991322616,False,999,323.08447991322595,-0.0871199294924736,-0.2497766762971878
random,2058,-32.85642421683394,False,999,328.56424216833835,0.11694282293319702,-0.8999435305595398
random,2059,-33.27574555179782,False,999,332.757455517978,-0.15065933763980865,-0.6971583962440491
random,2060,-34.55117008201331,False,999,345.5117008201335,0.27576300501823425,-0.05888091027736664
random,2061,-33.52638355938368,False,999,335.2638355938379,-0.03406091406941414,-0.9419150948524475
random,2062,-35.65915212485497,False,999,356.5915212485499,-0.27291950583457947,-0.7555983066558838
random,2063,-34.825653566411454,False,999,348.2565356641144,-0.26935896277427673,-0.5705162286758423
random,2064,-34.23565083805816,False,999,342.35650838058183,-0.06371018290519714,-0.5601499080657959
random,2065,-33.662336655965284,False,999,336.6233665596532,-0.380151629447937,-0.4847524166107178
random,2066,-32.84079522019068,False,999,328.4079522019067,0.13167086243629456,-0.13486012816429138
random,2067,-32.267140876785234,False,999,322.67140876785254,-0.2464749962091446,-0.5528237223625183
random,2068,-31.932596682690605,False,999,319.3259668269059,-0.3052535355091095,-0.4648175537586212
random,2069,-32.828082333308096,False,999,328.28082333308066,-0.04573587328195572,-0.8443977236747742
random,2070,-32.86620560107656,False,999,328.66205601076547,-0.07336054742336273,-0.9053104519844055
random,2071,-32.76885789275223,False,999,327.68857892752226,0.03229193389415741,-1.0584040880203247
random,2072,-33.450212564950576,False,999,334.50212564950607,-0.2507469654083252,-0.5659986734390259
random,2073,-32.99253017183517,False,999,329.92530171835244,-0.09471731632947922,-0.1500733196735382
random,2074,-33.77595035782028,False,999,337.75950357820267,-0.14204247295856476,-0.7892239093780518
random,2075,-33.855965218434186,False,999,338.55965218434204,0.08785043656826019,-0.916304349899292
random,2076,-33.12162581744439,False,999,331.2162581744433,0.0955766811966896,0.0955766811966896
random,2077,-33.06712699409801,False,999,330.6712699409803,-0.12492544949054718,-0.4709879755973816
random,2078,-33.33935732401781,False,999,333.3935732401783,-0.20948445796966553,-0.3679395020008087
random,2079,-33.45965122883366,False,999,334.59651228833656,-0.3345268964767456,-0.5061323642730713
random,2080,-33.66603798171548,False,999,336.6603798171548,-0.2629784643650055,-0.4948584735393524
random,2081,-33.38295067964879,False,999,333.8295067964878,-0.23918011784553528,-0.5028975009918213
random,2082,-33.3571326723971,False,999,333.57132672397125,-0.24362511932849884,-0.6861861348152161
random,2083,-33.571180909613716,False,999,335.71180909613713,-0.19367755949497223,-0.6884800791740417
random,2084,-32.24186313898753,False,999,322.4186313898762,0.1298152506351471,-0.4327775835990906
random,2085,-33.75982487566009,False,999,337.59824875660155,-0.11232025921344757,-0.16903719305992126
random,2086,-33.32799883005633,False,999,333.27998830056316,-0.2681134045124054,-0.4551621973514557
random,2087,-33.86881542637745,False,999,338.6881542637742,0.0852159634232521,0.0852159634232521
random,2088,-32.14575596307138,False,999,321.45755963071355,-0.23531809449195862,-0.436955064535141
random,2089,-35.46478288398533,False,999,354.64782883985345,-0.18333303928375244,-0.7484965920448303
random,2090,-32.053741465113895,False,999,320.537414651139,-0.15737053751945496,-0.29922622442245483
random,2091,-32.3365490643807,False,999,323.3654906438068,-0.1976817101240158,-0.33610379695892334
random,2092,-33.63167616233282,False,999,336.3167616233286,-0.012575074099004269,-0.06711223721504211
random,2093,-34.38535410479026,False,999,343.85354104790355,0.14125119149684906,-1.1607234477996826
random,2094,-33.25425523552191,False,999,332.5425523552191,-0.30770304799079895,-0.3594924509525299
random,2095,-34.22190950097393,False,999,342.21909500973953,-0.2836425304412842,-0.4979836642742157
random,2096,-34.13735984867075,False,999,341.37359848670695,-0.2845599353313446,-0.36458274722099304
random,2097,-32.70042416947179,False,999,327.0042416947178,0.01716836728155613,-0.383853018283844
random,2098,-32.72802716351375,False,999,327.2802716351386,-0.15076015889644623,-0.1646428108215332
random,2099,-33.73607132479701,False,999,337.3607132479709,-0.2626672685146332,-0.395693838596344
random,2100,-33.60821224798636,False,999,336.08212247986376,-0.3584679663181305,-0.6293637752532959
random,2101,-33.941463963422606,False,999,339.41463963422694,-0.3067863881587982,-0.5142996907234192
random,2102,-33.37908565125707,False,999,333.7908565125703,-0.29617729783058167,-0.6708945035934448
random,2103,-32.46508885739156,False,999,324.6508885739156,-0.2986704111099243,-0.6554847955703735
random,2104,-34.29301106128485,False,999,342.93011061284886,-0.1977025270462036,-0.7308338284492493
random,2105,-33.10285518782238,False,999,331.0285518782246,-0.1629704236984253,-0.7863516807556152
random,2106,-33.25903335171352,False,999,332.5903335171357,-0.08435189723968506,-0.588342547416687
random,2107,-33.369315078710734,False,999,333.6931507871076,-0.39066973328590393,-0.46727174520492554
random,2108,-33.625363176471545,False,999,336.25363176471586,-0.24499858915805817,-0.43446609377861023
random,2109,-33.04117066545286,False,999,330.4117066545283,-0.2742100954055786,-0.48372262716293335
random,2110,-34.19235308578916,False,999,341.9235308578918,-0.3721439838409424,-0.5098205804824829
random,2111,-35.16946564321567,False,999,351.69465643215665,-0.24092723429203033,-0.4903227686882019
random,2112,-31.83642104434435,False,999,318.36421044344314,0.08994488418102264,-0.2774481475353241
random,2113,-32.064472391938715,False,999,320.6447239193876,-0.11944040656089783,-0.3260139524936676
random,2114,-32.722900388818935,False,999,327.22900388818925,0.08959342539310455,-0.8186377286911011
random,2115,-33.77354897804117,False,999,337.7354897804114,-0.13039790093898773,-0.2270011305809021
random,2116,73.34259571775999,True,825,266.5740428224001,0.4521001875400543,0.4521001875400543
random,2117,-32.96244121696879,False,999,329.62441216968773,-0.17899516224861145,-0.7849136590957642
random,2118,-34.75051806339532,False,999,347.5051806339534,-0.008541266433894634,-0.08490926772356033
random,2119,-32.579443315105244,False,999,325.79443315105215,-0.2206200212240219,-0.3537972867488861
random,2120,-33.47119385805628,False,999,334.7119385805634,-0.16274207830429077,-0.16274207830429077
random,2121,-32.95196751209803,False,999,329.51967512098093,-0.03369676694273949,-0.8544623851776123
random,2122,-33.16535005687524,False,999,331.65350056875303,-0.14220908284187317,-0.4961230158805847
random,2123,-33.2161207183083,False,999,332.16120718308326,-0.26808837056159973,-0.4298939108848572
random,2124,-35.38435972033909,False,999,353.8435972033908,-0.12245127558708191,-0.1421903669834137
random,2125,-32.27214116107391,False,999,322.72141161073955,-0.39342719316482544,-0.526762068271637
bang_bang,2026,92.20000000000002,True,78,78.0,0.4507795572280884,0.4507795572280884
bang_bang,2027,92.10000000000002,True,79,79.0,0.4799051880836487,0.4799051880836487
bang_bang,2028,92.20000000000002,True,78,78.0,0.45432761311531067,0.45432761311531067
bang_bang,2029,91.70000000000002,True,83,83.0,0.4583888649940491,0.4583888649940491
bang_bang,2030,92.20000000000002,True,78,78.0,0.45560887455940247,0.45560887455940247
bang_bang,2031,92.20000000000002,True,78,78.0,0.4541705846786499,0.4541705846786499
bang_bang,2032,92.10000000000002,True,79,79.0,0.48000824451446533,0.48000824451446533
bang_bang,2033,92.20000000000002,True,78,78.0,0.46117517352104187,0.46117517352104187
bang_bang,2034,92.20000000000002,True,78,78.0,0.4521194398403168,0.4521194398403168
bang_bang,2035,92.10000000000002,True,79,79.0,0.4938194453716278,0.4938194453716278
bang_bang,2036,92.40000000000002,True,76,76.0,0.4507409930229187,0.4507409930229187
bang_bang,2037,91.90000000000002,True,81,81.0,0.4507409930229187,0.4507409930229187
bang_bang,2038,91.90000000000002,True,81,81.0,0.5066419839859009,0.5066419839859009
bang_bang,2039,92.00000000000001,True,80,80.0,0.4950222074985504,0.4950222074985504
bang_bang,2040,91.90000000000002,True,81,81.0,0.5035625696182251,0.5035625696182251
bang_bang,2041,92.00000000000001,True,80,80.0,0.49557340145111084,0.49557340145111084
bang_bang,2042,92.10000000000002,True,79,79.0,0.48084306716918945,0.48084306716918945
bang_bang,2043,91.60000000000002,True,84,84.0,0.4539620280265808,0.4539620280265808
bang_bang,2044,92.10000000000002,True,79,79.0,0.47480860352516174,0.47480860352516174
bang_bang,2045,92.00000000000001,True,80,80.0,0.4507409930229187,0.4507409930229187
bang_bang,2046,92.20000000000002,True,78,78.0,0.4588899612426758,0.4588899612426758
bang_bang,2047,92.10000000000002,True,79,79.0,0.47792184352874756,0.47792184352874756
bang_bang,2048,91.80000000000001,True,82,82.0,0.4520591199398041,0.4520591199398041
bang_bang,2049,92.10000000000002,True,79,79.0,0.4989114999771118,0.4989114999771118
bang_bang,2050,91.50000000000001,True,85,85.0,0.5125317573547363,0.5125317573547363
bang_bang,2051,92.00000000000001,True,80,80.0,0.4953841269016266,0.4953841269016266
bang_bang,2052,92.20000000000002,True,78,78.0,0.452725887298584,0.452725887298584
bang_bang,2053,91.80000000000001,True,82,82.0,0.45620205998420715,0.45620205998420715
bang_bang,2054,92.10000000000002,True,79,79.0,0.47916632890701294,0.47916632890701294
bang_bang,2055,91.80000000000001,True,82,82.0,0.5068517327308655,0.5068517327308655
bang_bang,2056,91.60000000000002,True,84,84.0,0.4502687454223633,0.4502687454223633
bang_bang,2057,92.30000000000001,True,77,77.0,0.4507409930229187,0.4507409930229187
bang_bang,2058,92.00000000000001,True,80,80.0,0.49557897448539734,0.49557897448539734
bang_bang,2059,92.20000000000002,True,78,78.0,0.47321873903274536,0.47321873903274536
bang_bang,2060,92.40000000000002,True,76,76.0,0.4507409930229187,0.4507409930229187
bang_bang,2061,92.10000000000002,True,79,79.0,0.48916298151016235,0.48916298151016235
bang_bang,2062,91.60000000000002,True,84,84.0,0.4507409930229187,0.4507409930229187
bang_bang,2063,92.10000000000002,True,79,79.0,0.4922284781932831,0.4922284781932831
bang_bang,2064,91.90000000000002,True,81,81.0,0.5071694254875183,0.5071694254875183
bang_bang,2065,91.80000000000001,True,82,82.0,0.5064098834991455,0.5064098834991455
bang_bang,2066,92.10000000000002,True,79,79.0,0.4805028736591339,0.4805028736591339
bang_bang,2067,91.60000000000002,True,84,84.0,0.45691972970962524,0.45691972970962524
bang_bang,2068,91.70000000000002,True,83,83.0,0.5074834227561951,0.5074834227561951
bang_bang,2069,92.20000000000002,True,78,78.0,0.4797897934913635,0.4797897934913635
bang_bang,2070,92.20000000000002,True,78,78.0,0.46743160486221313,0.46743160486221313
bang_bang,2071,92.00000000000001,True,80,80.0,0.4507409930229187,0.4507409930229187
bang_bang,2072,92.20000000000002,True,78,78.0,0.47480934858322144,0.47480934858322144
bang_bang,2073,92.40000000000002,True,76,76.0,0.4507409930229187,0.4507409930229187
bang_bang,2074,92.10000000000002,True,79,79.0,0.4937888979911804,0.4937888979911804
bang_bang,2075,92.00000000000001,True,80,80.0,0.49425840377807617,0.49425840377807617
bang_bang,2076,92.10000000000002,True,79,79.0,0.4842182695865631,0.4842182695865631
bang_bang,2077,92.40000000000002,True,76,76.0,0.4507409930229187,0.4507409930229187
bang_bang,2078,92.10000000000002,True,79,79.0,0.47868648171424866,0.47868648171424866
bang_bang,2079,92.10000000000002,True,79,79.0,0.48048684000968933,0.48048684000968933
bang_bang,2080,92.20000000000002,True,78,78.0,0.46736693382263184,0.46736693382263184
bang_bang,2081,92.10000000000002,True,79,79.0,0.498696506023407,0.498696506023407
bang_bang,2082,92.10000000000002,True,79,79.0,0.4751551151275635,0.4751551151275635
bang_bang,2083,92.40000000000002,True,76,76.0,0.4507409930229187,0.4507409930229187
bang_bang,2084,91.50000000000001,True,85,85.0,0.4506791830062866,0.4506791830062866
bang_bang,2085,92.00000000000001,True,80,80.0,0.4953899085521698,0.4953899085521698
bang_bang,2086,92.20000000000002,True,78,78.0,0.4603758454322815,0.4603758454322815
bang_bang,2087,92.20000000000002,True,78,78.0,0.4582824409008026,0.4582824409008026
bang_bang,2088,92.20000000000002,True,78,78.0,0.47614797949790955,0.47614797949790955
bang_bang,2089,92.20000000000002,True,78,78.0,0.4656027555465698,0.4656027555465698
bang_bang,2090,92.10000000000002,True,79,79.0,0.47887665033340454,0.47887665033340454
bang_bang,2091,92.10000000000002,True,79,79.0,0.4949074387550354,0.4949074387550354
bang_bang,2092,91.80000000000001,True,82,82.0,0.5096189379692078,0.5096189379692078
bang_bang,2093,92.30000000000001,True,77,77.0,0.4507409930229187,0.4507409930229187
bang_bang,2094,92.10000000000002,True,79,79.0,0.49163347482681274,0.49163347482681274
bang_bang,2095,91.90000000000002,True,81,81.0,0.4507409930229187,0.4507409930229187
bang_bang,2096,92.10000000000002,True,79,79.0,0.4889415204524994,0.4889415204524994
bang_bang,2097,92.20000000000002,True,78,78.0,0.46591252088546753,0.46591252088546753
bang_bang,2098,92.20000000000002,True,78,78.0,0.46046343445777893,0.46046343445777893
bang_bang,2099,92.00000000000001,True,80,80.0,0.49555253982543945,0.49555253982543945
bang_bang,2100,92.20000000000002,True,78,78.0,0.47713199257850647,0.47713199257850647
bang_bang,2101,92.20000000000002,True,78,78.0,0.46734941005706787,0.46734941005706787
bang_bang,2102,92.10000000000002,True,79,79.0,0.4869781732559204,0.4869781732559204
bang_bang,2103,92.30000000000001,True,77,77.0,0.4507409930229187,0.4507409930229187
bang_bang,2104,91.90000000000002,True,81,81.0,0.5066412687301636,0.5066412687301636
bang_bang,2105,92.20000000000002,True,78,78.0,0.4507409930229187,0.4507409930229187
bang_bang,2106,92.10000000000002,True,79,79.0,0.47567451000213623,0.47567451000213623
bang_bang,2107,92.10000000000002,True,79,79.0,0.49906399846076965,0.49906399846076965
bang_bang,2108,92.10000000000002,True,79,79.0,0.4752538502216339,0.4752538502216339
bang_bang,2109,92.20000000000002,True,78,78.0,0.4624772071838379,0.4624772071838379
bang_bang,2110,92.10000000000002,True,79,79.0,0.4751322567462921,0.4751322567462921
bang_bang,2111,91.90000000000002,True,81,81.0,0.5055328607559204,0.5055328607559204
bang_bang,2112,92.20000000000002,True,78,78.0,0.46074602007865906,0.46074602007865906
bang_bang,2113,92.20000000000002,True,78,78.0,0.4572049081325531,0.4572049081325531
bang_bang,2114,91.70000000000002,True,83,83.0,0.5079373717308044,0.5079373717308044
bang_bang,2115,92.10000000000002,True,79,79.0,0.47504642605781555,0.47504642605781555
bang_bang,2116,91.70000000000002,True,83,83.0,0.4528267979621887,0.4528267979621887
bang_bang,2117,92.10000000000002,True,79,79.0,0.4963323473930359,0.4963323473930359
bang_bang,2118,92.10000000000002,True,79,79.0,0.49232837557792664,0.49232837557792664
bang_bang,2119,92.20000000000002,True,78,78.0,0.4688933789730072,0.4688933789730072
bang_bang,2120,92.20000000000002,True,78,78.0,0.45190662145614624,0.45190662145614624
bang_bang,2121,92.10000000000002,True,79,79.0,0.4771776795387268,0.4771776795387268
bang_bang,2122,91.90000000000002,True,81,81.0,0.5067603588104248,0.5067603588104248
bang_bang,2123,92.20000000000002,True,78,78.0,0.46305400133132935,0.46305400133132935
bang_bang,2124,92.20000000000002,True,78,78.0,0.45677468180656433,0.45677468180656433
bang_bang,2125,92.20000000000002,True,78,78.0,0.4553537666797638,0.4553537666797638
smooth_momentum,2026,93.70298769945308,True,147,62.970123005469276,0.49311336874961853,0.49311336874961853
smooth_momentum,2027,93.93773481560648,True,148,60.62265184393519,0.49311336874961853,0.49311336874961853
smooth_momentum,2028,93.32290477475622,True,148,66.77095225243764,0.49311336874961853,0.49311336874961853
smooth_momentum,2029,91.12990212245481,True,200,88.70097877545176,0.49311336874961853,0.49311336874961853
smooth_momentum,2030,93.30744152010772,True,148,66.92558479892277,0.49311336874961853,0.49311336874961853
smooth_momentum,2031,93.32476658784911,True,148,66.7523341215088,0.49311336874961853,0.49311336874961853
smooth_momentum,2032,93.02167805223452,True,150,69.78321947765475,0.49311336874961853,0.49311336874961853
smooth_momentum,2033,93.8134071141871,True,148,61.86592885812894,0.49311336874961853,0.49311336874961853
smooth_momentum,2034,93.86994028291141,True,148,61.30059717088575,0.49311336874961853,0.49311336874961853
smooth_momentum,2035,93.71823379807918,True,147,62.81766201920806,0.49311336874961853,0.49311336874961853
smooth_momentum,2036,96.66189687328338,True,85,33.38103126716615,0.4549659788608551,0.4549659788608551
smooth_momentum,2037,96.67430218826013,True,88,33.25697811739869,0.45009317994117737,0.45009317994117737
smooth_momentum,2038,92.61515543280778,True,155,73.84844567192211,0.49311336874961853,0.49311336874961853
smooth_momentum,2039,92.75619451393544,True,153,72.43805486064558,0.49311336874961853,0.49311336874961853
smooth_momentum,2040,92.46102784310465,True,157,75.38972156895349,0.49311336874961853,0.49311336874961853
smooth_momentum,2041,92.91397104051217,True,151,70.86028959487832,0.49311336874961853,0.49311336874961853
smooth_momentum,2042,93.02410378039673,True,150,69.75896219603273,0.49311336874961853,0.49311336874961853
smooth_momentum,2043,96.58395504961119,True,95,34.160449503887975,0.456734836101532,0.456734836101532
smooth_momentum,2044,93.16647244806914,True,149,68.33527551930848,0.49311336874961853,0.49311336874961853
smooth_momentum,2045,96.67824776073617,True,87,33.21752239263822,0.45099544525146484,0.45099544525146484
smooth_momentum,2046,93.28653071070327,True,148,67.13469289296715,0.49311336874961853,0.49311336874961853
smooth_momentum,2047,93.14042951245276,True,149,68.59570487547235,0.49311336874961853,0.49311336874961853
smooth_momentum,2048,91.8958758340458,True,170,81.04124165954198,0.49311336874961853,0.49311336874961853
smooth_momentum,2049,93.37936409377319,True,148,66.20635906226809,0.49311336874961853,0.49311336874961853
smooth_momentum,2050,96.59293731050904,True,94,34.070626894909566,0.4614410400390625,0.4614410400390625
smooth_momentum,2051,92.9023329449135,True,151,70.97667055086495,0.49311336874961853,0.49311336874961853
smooth_momentum,2052,93.34160785294232,True,148,66.58392147057673,0.49311336874961853,0.49311336874961853
smooth_momentum,2053,92.0464108175662,True,166,79.535891824338,0.49311336874961853,0.49311336874961853
smooth_momentum,2054,93.04096193272599,True,150,69.59038067273998,0.49311336874961853,0.49311336874961853
smooth_momentum,2055,92.22568436221584,True,162,77.74315637784154,0.49311336874961853,0.49311336874961853
smooth_momentum,2056,96.59640373141474,True,94,34.03596268585257,0.45862922072410583,0.45862922072410583
smooth_momentum,2057,96.65504738267036,True,86,33.44952617329635,0.46009159088134766,0.46009159088134766
smooth_momentum,2058,92.81875198183367,True,152,71.81248018166315,0.49311336874961853,0.49311336874961853
smooth_momentum,2059,93.5475530382431,True,147,64.52446961756894,0.49311336874961853,0.49311336874961853
smooth_momentum,2060,96.64888317558174,True,85,33.51116824418261,0.4618871510028839,0.4618871510028839
smooth_momentum,2061,93.7473713300871,True,147,62.526286699128946,0.49311336874961853,0.49311336874961853
smooth_momentum,2062,96.63732671807863,True,90,33.62673281921384,0.46408990025520325,0.46408990025520325
smooth_momentum,2063,93.48310167906453,True,147,65.16898320935456,0.49311336874961853,0.49311336874961853
smooth_momentum,2064,92.67433202722926,True,154,73.25667972770738,0.49311336874961853,0.49311336874961853
smooth_momentum,2065,92.18017521061773,True,163,78.19824789382257,0.49311336874961853,0.49311336874961853
smooth_momentum,2066,93.93453027621366,True,148,60.654697237863274,0.49311336874961853,0.49311336874961853
smooth_momentum,2067,96.57011465708369,True,96,34.29885342916299,0.45527979731559753,0.45527979731559753
smooth_momentum,2068,91.59188996959962,True,181,84.08110030400371,0.49311336874961853,0.49311336874961853
smooth_momentum,2069,93.49165483294945,True,147,65.08345167050545,0.49311336874961853,0.49311336874961853
smooth_momentum,2070,93.59436755964236,True,147,64.05632440357634,0.49311336874961853,0.49311336874961853
smooth_momentum,2071,96.64633395878477,True,88,33.53666041215247,0.4679167866706848,0.4679167866706848
smooth_momentum,2072,93.53431330588592,True,147,64.6568669411408,0.49311336874961853,0.49311336874961853
smooth_momentum,2073,96.64691571052666,True,85,33.53084289473336,0.4629313349723816,0.4629313349723816
smooth_momentum,2074,93.71842858963026,True,147,62.8157141036973,0.49311336874961853,0.49311336874961853
smooth_momentum,2075,92.6869114347465,True,154,73.13088565253486,0.49311336874961853,0.49311336874961853
smooth_momentum,2076,93.77778333285397,True,147,62.22216667146026,0.49311336874961853,0.49311336874961853
smooth_momentum,2077,96.65550295434618,True,85,33.44497045653826,0.45836976170539856,0.45836976170539856
smooth_momentum,2078,93.12639194575677,True,149,68.73608054243228,0.49311336874961853,0.49311336874961853
smooth_momentum,2079,93.00919040243912,True,150,69.9080959756087,0.49311336874961853,0.49311336874961853
smooth_momentum,2080,93.8251409034402,True,147,61.748590965597984,0.49311336874961853,0.49311336874961853
smooth_momentum,2081,93.38132684893394,True,148,66.18673151066058,0.49311336874961853,0.49311336874961853
smooth_momentum,2082,93.16140786739345,True,149,68.38592132606544,0.49311336874961853,0.49311336874961853
smooth_momentum,2083,96.66520564184653,True,85,33.347943581534736,0.4532019793987274,0.4532019793987274
smooth_momentum,2084,96.64107163530267,True,91,33.589283646973314,0.4540903866291046,0.4540903866291046
smooth_momentum,2085,92.80423833564232,True,152,71.95761664357666,0.49311336874961853,0.49311336874961853
smooth_momentum,2086,93.8184689358982,True,148,61.815310641018016,0.49311336874961853,0.49311336874961853
smooth_momentum,2087,93.29470600542082,True,148,67.05293994579169,0.49311336874961853,0.49311336874961853
smooth_momentum,2088,93.52303494572382,True,147,64.76965054276165,0.49311336874961853,0.49311336874961853
smooth_momentum,2089,93.78512824923575,True,148,62.14871750764236,0.49311336874961853,0.49311336874961853
smooth_momentum,2090,93.12272412466646,True,149,68.77275875333532,0.49311336874961853,0.49311336874961853
smooth_momentum,2091,93.71135566008685,True,147,62.886443399131366,0.49311336874961853,0.49311336874961853
smooth_momentum,2092,92.24656752564259,True,161,77.53432474357399,0.49311336874961853,0.49311336874961853
smooth_momentum,2093,96.67013724646998,True,85,33.298627535300156,0.45056968927383423,0.45056968927383423
smooth_momentum,2094,93.88676105608855,True,148,61.13238943911449,0.49311336874961853,0.49311336874961853
smooth_momentum,2095,96.64263822861729,True,89,33.573617713827176,0.46617963910102844,0.46617963910102844
smooth_momentum,2096,93.74874797377294,True,147,62.512520262270655,0.49311336874961853,0.49311336874961853
smooth_momentum,2097,93.78313283624243,True,148,62.1686716375756,0.49311336874961853,0.49311336874961853
smooth_momentum,2098,93.26447047180658,True,148,67.35529528193419,0.49311336874961853,0.49311336874961853
smooth_momentum,2099,92.91683610591664,True,151,70.83163894083346,0.49311336874961853,0.49311336874961853
smooth_momentum,2100,93.51465923980915,True,147,64.85340760190844,0.49311336874961853,0.49311336874961853
smooth_momentum,2101,93.82525216960842,True,147,61.74747830391573,0.49311336874961853,0.49311336874961853
smooth_momentum,2102,93.76087346347772,True,147,62.39126536522268,0.49311336874961853,0.49311336874961853
smooth_momentum,2103,96.66465167924054,True,86,33.35348320759465,0.45467931032180786,0.45467931032180786
smooth_momentum,2104,92.61515171258127,True,155,73.84848287418725,0.49311336874961853,0.49311336874961853
smooth_momentum,2105,96.64851820666831,True,87,33.51481793331699,0.4690500497817993,0.4690500497817993
smooth_momentum,2106,93.1536450000962,True,149,68.46354999903782,0.49311336874961853,0.49311336874961853
smooth_momentum,2107,93.37797377470702,True,148,66.22026225292976,0.49311336874961853,0.49311336874961853
smooth_momentum,2108,93.15994793658948,True,149,68.40052063410516,0.49311336874961853,0.49311336874961853
smooth_momentum,2109,93.63295975136971,True,147,63.67040248630286,0.49311336874961853,0.49311336874961853
smooth_momentum,2110,93.1617440554603,True,149,68.38255944539691,0.49311336874961853,0.49311336874961853
smooth_momentum,2111,92.6098064999506,True,155,73.90193500049394,0.49311336874961853,0.49311336874961853
smooth_momentum,2112,93.8161246884124,True,148,61.83875311587592,0.49311336874961853,0.49311336874961853
smooth_momentum,2113,93.30882490660125,True,148,66.9117509339874,0.49311336874961853,0.49311336874961853
smooth_momentum,2114,91.62950927408602,True,179,83.70490725913979,0.49311336874961853,0.49311336874961853
smooth_momentum,2115,93.16300273709638,True,149,68.36997262903621,0.49311336874961853,0.49311336874961853
smooth_momentum,2116,96.44598413228039,True,103,35.54015867719605,0.45691969990730286,0.45691969990730286
smooth_momentum,2117,93.40256141790866,True,148,65.97438582091338,0.49311336874961853,0.49311336874961853
smooth_momentum,2118,93.48228139957871,True,147,65.1771860042129,0.49311336874961853,0.49311336874961853
smooth_momentum,2119,93.81550388777049,True,147,61.84496112229503,0.49311336874961853,0.49311336874961853
smooth_momentum,2120,93.87125295336799,True,148,61.28747046632007,0.49311336874961853,0.49311336874961853
smooth_momentum,2121,93.15322429396663,True,149,68.46775706033364,0.49311336874961853,0.49311336874961853
smooth_momentum,2122,92.61597953614714,True,155,73.84020463852853,0.49311336874961853,0.49311336874961853
smooth_momentum,2123,93.62853444633792,True,147,63.71465553662074,0.49311336874961853,0.49311336874961853
smooth_momentum,2124,93.29293030198654,True,148,67.07069698013449,0.49311336874961853,0.49311336874961853
smooth_momentum,2125,93.3105587377413,True,148,66.89441262258684,0.49311336874961853,0.49311336874961853
