training_seed,seed,episode_return,success,steps,action_energy,final_position
7,2026,-0.0010574150066507554,False,999,0.010574150066507502,-0.5233910083770752
7,2027,-0.002640967659914042,False,999,0.026409676599140588,-0.522140383720398
7,2028,-0.00040156364769600226,False,999,0.004015636476960003,-0.523190975189209
7,2029,-0.0032489213143266148,False,999,0.032489213143266235,-0.5248405337333679
7,2030,-0.0004052078341585731,False,999,0.004052078341585697,-0.5231671929359436
7,2031,-0.00040132725198454487,False,999,0.0040132725198454245,-0.5231937766075134
7,2032,-0.0007061296681923219,False,999,0.007061296681923232,-0.5229495167732239
7,2033,-0.0018039127147265258,False,999,0.01803912714726525,-0.5229506492614746
7,2034,-0.002124458214256421,False,999,0.021244582142564174,-0.5226731300354004
7,2035,-0.0011163503139642362,False,999,0.011163503139642249,-0.5233694911003113
7,2036,-0.006070717126495966,False,999,0.06070717126495949,-0.5293733477592468
7,2037,-0.004757737184624719,False,999,0.04757737184624718,-0.5270352959632874
7,2038,-0.001665643716289166,False,999,0.016656437162891585,-0.5232831239700317
7,2039,-0.0013238782535807128,False,999,0.013238782535807063,-0.5230873227119446
7,2040,-0.0019436898147223163,False,999,0.019436898147223162,-0.5234858989715576
7,2041,-0.0010529602930318275,False,999,0.010529602930318219,-0.5229843258857727
7,2042,-0.0007852720539792627,False,999,0.007852720539792652,-0.5229449272155762
7,2043,-0.003804123033357747,False,999,0.0380412303335776,-0.5255790948867798
7,2044,-0.0004904448709642597,False,999,0.004904448709642594,-0.5230331420898438
7,2045,-0.005040351878622265,False,999,0.05040351878622249,-0.5275076031684875
7,2046,-0.000431104214210888,False,999,0.004311042142108874,-0.5231014490127563
7,2047,-0.0005874083346018963,False,999,0.0058740833460189865,-0.5229777097702026
7,2048,-0.0029764803499487,False,999,0.02976480349948715,-0.5245102643966675
7,2049,-0.0004128409910473241,False,999,0.004128409910473225,-0.5232762694358826
7,2050,-0.003925928261173473,False,999,0.03925928261173477,-0.5257527232170105
7,2051,-0.0009685857920620861,False,999,0.009685857920620827,-0.5229641795158386
7,2052,-0.00040111459163130205,False,999,0.004011145916312989,-0.5232198238372803
7,2053,-0.0028106280616149947,False,999,0.028106280616150073,-0.5243203043937683
7,2054,-0.0006494137001940822,False,999,0.006494137001940848,-0.5229597687721252
7,2055,-0.002610896697129732,False,999,0.02610896697129738,-0.5241039991378784
7,2056,-0.003904999889914629,False,999,0.039049998899146406,-0.5257226228713989
7,2057,-0.005725257701609635,False,999,0.05725257701609619,-0.5287235975265503
7,2058,-0.0011318281066385412,False,999,0.011318281066385327,-0.5230092406272888
7,2059,-0.0005650230362979222,False,999,0.005650230362979239,-0.523419201374054
7,2060,-0.006214372571489435,False,999,0.0621437257148942,-0.5296500325202942
7,2061,-0.0012358024136758714,False,999,0.012358024136758664,-0.5233171582221985
7,2062,-0.004499709667975949,False,999,0.044997096679759346,-0.5266196727752686
7,2063,-0.00046299239736224853,False,999,0.004629923973622477,-0.5233543515205383
7,2064,-0.0016057430699576258,False,999,0.016057430699576176,-0.5232442021369934
7,2065,-0.002632990571182622,False,999,0.026329905711826335,-0.5241273641586304
7,2066,-0.0026190366090546864,False,999,0.0261903660905469,-0.522165060043335
7,2067,-0.0037209238450767843,False,999,0.03720923845076811,-0.5254629254341125
7,2068,-0.0031967305045001956,False,999,0.03196730504500206,-0.5247756242752075
7,2069,-0.00047384759556565165,False,999,0.004738475955656515,-0.5233641862869263
7,2070,-0.000667711763923748,False,999,0.006677117639237502,-0.5234459042549133
7,2071,-0.005002832557160327,False,999,0.050028325571603235,-0.5274439454078674
7,2072,-0.0005402987969560587,False,999,0.005402987969560609,-0.5234089493751526
7,2073,-0.006236184673475875,False,999,0.06236184673475857,-0.5296920537948608
7,2074,-0.0011171181751840247,False,999,0.011171181751840181,-0.523369550704956
7,2075,-0.001454631844917461,False,999,0.014546318449174506,-0.5231542587280273
7,2076,-0.0013701687248091786,False,999,0.013701687248091706,-0.5232470035552979
7,2077,-0.006141123120527387,False,999,0.06141123120527374,-0.5295085906982422
7,2078,-0.0006231005258223072,False,999,0.006231005258223109,-0.5229664444923401
7,2079,-0.0007474735793590156,False,999,0.00747473579359018,-0.522945761680603
7,2080,-0.0015992087626671965,False,999,0.01599208762667187,-0.5231027603149414
7,2081,-0.0004138995343241012,False,999,0.004138995343241001,-0.5232793092727661
7,2082,-0.0004985199983226602,False,999,0.004985199983226604,-0.5230271816253662
7,2083,-0.006034438054536024,False,999,0.060344380545360184,-0.5293039083480835
7,2084,-0.004225892352534613,False,999,0.04225892352534609,-0.5261960625648499
7,2085,-0.001228856342263979,False,999,0.012288563422639752,-0.5230456590652466
7,2086,-0.0018312252922837737,False,999,0.018312252922837682,-0.5229286551475525
7,2087,-0.00042421160601888587,False,999,0.00424211606018885,-0.5231136679649353
7,2088,-0.0005207534170761937,False,999,0.0052075341707619365,-0.5233983397483826
7,2089,-0.0016563180149015912,False,999,0.016563180149015835,-0.523062527179718
7,2090,-0.0006331026233502328,False,999,0.00633102623350235,-0.5229630470275879
7,2091,-0.0010894585409241973,False,999,0.01089458540924191,-0.5233796834945679
7,2092,-0.002466535998897877,False,999,0.024665359988978817,-0.5239562392234802
7,2093,-0.005980485751089447,False,999,0.059804857510894184,-0.5292012691497803
7,2094,-0.002226473391039073,False,999,0.02226473391039081,-0.522576093673706
7,2095,-0.004731279159633037,False,999,0.04731279159633031,-0.5269917845726013
7,2096,-0.0012416650192982528,False,999,0.012416650192982452,-0.5233145952224731
7,2097,-0.0016462193518095225,False,999,0.01646219351809515,-0.5230697393417358
7,2098,-0.0004545391019774278,False,999,0.004545391019774264,-0.5230683088302612
7,2099,-0.0010366134691358001,False,999,0.010366134691357946,-0.5229801535606384
7,2100,-0.0005071593860639325,False,999,0.005071593860639317,-0.5233897566795349
7,2101,-0.0015997999447965264,False,999,0.015997999447965195,-0.523102879524231
7,2102,-0.001294228226979592,False,999,0.01294228226979584,-0.5232884287834167
7,2103,-0.005626878179279587,False,999,0.056268781792795784,-0.5285427570343018
7,2104,-0.001665689423523443,False,999,0.016656894235234376,-0.523283064365387
7,2105,-0.005319141199026924,False,999,0.053191411990269055,-0.5279905796051025
7,2106,-0.000511684526829781,False,999,0.005116845268297814,-0.5230175256729126
7,2107,-0.0004121188468095041,False,999,0.004121188468095028,-0.5232743620872498
7,2108,-0.0005009166051393972,False,999,0.005009166051393968,-0.5230252742767334
7,2109,-0.0007700320862343409,False,999,0.007700320862343417,-0.5234495401382446
7,2110,-0.0004979733592361352,False,999,0.004979733592361345,-0.5230276584625244
7,2111,-0.0017765744441599256,False,999,0.0177657444415992,-0.5233595967292786
7,2112,-0.0018185403926218044,False,999,0.01818540392621797,-0.522939145565033
7,2113,-0.0004144849542010616,False,999,0.004144849542010617,-0.5231353640556335
7,2114,-0.0031793520754237886,False,999,0.03179352075423808,-0.524753987789154
7,2115,-0.000495932132258101,False,999,0.004959321322581014,-0.5230288505554199
7,2116,-0.0034338948132422195,False,999,0.03433894813242229,-0.5250771641731262
7,2117,-0.00042808200217221573,False,999,0.004280820021722152,-0.5233089327812195
7,2118,-0.00046199743166639405,False,999,0.004619974316663944,-0.5233535170555115
7,2119,-0.0015506425658914761,False,999,0.015506425658914691,-0.5231358408927917
7,2120,-0.0021322948123680924,False,999,0.021322948123680862,-0.5226662158966064
7,2121,-0.0005583086184290779,False,999,0.005583086184290786,-0.5229904055595398
7,2122,-0.001652684798791548,False,999,0.016526847987915424,-0.5232743620872498
7,2123,-0.0007574987965654247,False,999,0.007574987965654247,-0.5234502553939819
7,2124,-0.0004114185214536465,False,999,0.00411418521453647,-0.5231443047523499
7,2125,-0.00040422955010741983,False,999,0.004042295501074165,-0.5231717824935913
42,2026,97.9748032056739,True,418,20.251967943261025,0.4666087031364441
42,2027,98.10672471367036,True,344,18.932752863296372,0.4666087031364441
42,2028,98.5365178297015,True,561,14.634821702985002,0.4634631276130676
42,2029,98.14265079525066,True,379,18.573492047493318,0.4666087031364441
42,2030,97.75154132560415,True,636,22.48458674395849,0.4666087031364441
42,2031,98.50190646880681,True,560,14.98093531193183,0.4579993486404419
42,2032,98.3755615463992,True,596,16.244384536008102,0.47801637649536133
42,2033,98.42496514152457,True,346,15.75034858475437,0.4697229266166687
42,2034,98.29620567395284,True,342,17.037943260471565,0.4666087031364441
42,2035,97.90472474271726,True,420,20.952752572827375,0.4666087031364441
42,2036,98.38598970406602,True,307,16.140102959339753,0.4666087031364441
42,2037,98.69634647249431,True,310,13.0365352750569,0.46226900815963745
42,2038,98.11161093890064,True,451,18.88389061099362,0.4666087031364441
42,2039,98.53867382969327,True,453,14.613261703067325,0.47258445620536804
42,2040,97.81815998258247,True,459,21.818400174175203,0.4666087031364441
42,2041,98.02882330622813,True,523,19.711766937718703,0.4666087031364441
42,2042,97.91086892295927,True,596,20.891310770407248,0.4666087031364441
42,2043,97.91113131746597,True,386,20.8886868253402,0.4666087031364441
42,2044,97.83234267016564,True,986,21.676573298343563,0.4666087031364441
42,2045,98.6146413301392,True,309,13.85358669860809,0.45861396193504333
42,2046,97.82107067927484,True,704,21.789293207251628,0.4666087031364441
42,2047,97.66238198479941,True,744,23.37618015200593,0.4666087031364441
42,2048,98.25207638634744,True,378,17.479236136525575,0.4666087031364441
42,2049,97.74799068182392,True,566,22.520093181760704,0.4666087031364441
42,2050,97.85822060236181,True,388,21.417793976381915,0.4666087031364441
42,2051,98.2290193684975,True,521,17.70980631502489,0.4666087031364441
42,2052,98.2198999756352,True,557,17.80100024364802,0.4666087031364441
42,2053,98.31799823033597,True,378,16.82001769664032,0.4666087031364441
42,2054,97.85192747433196,True,668,21.48072525668037,0.4666087031364441
42,2055,98.3939151314804,True,382,16.060848685195925,0.46542447805404663
42,2056,97.86640340983485,True,388,21.335965901651573,0.4666087031364441
42,2057,98.43535630288169,True,308,15.646436971183194,0.4666087031364441
42,2058,97.83170429459287,True,528,21.68295705407134,0.4666087031364441
42,2059,97.76095418666685,True,496,22.390458133331386,0.4666087031364441
42,2060,98.3646960224528,True,306,16.353039775471924,0.4666087031364441
42,2061,97.7558436970234,True,427,22.441563029766076,0.4666087031364441
42,2062,98.76915631760879,True,313,12.308436823912105,0.4566967189311981
42,2063,98.24697699409582,True,486,17.53023005904182,0.4666087031364441
42,2064,98.17223715378998,True,450,18.27762846210017,0.4666087031364441
42,2065,98.38203897792589,True,381,16.179610220741107,0.4666087031364441
42,2066,98.11454945157428,True,344,18.85450548425718,0.4666087031364441
42,2067,97.94838407751232,True,384,20.516159224876755,0.4666087031364441
42,2068,98.16354974017365,True,379,18.364502598263538,0.4666087031364441
42,2069,98.18991860429063,True,486,18.100813957093752,0.4666087031364441
42,2070,98.5567814480715,True,417,14.432185519285039,0.4659067392349243
42,2071,98.62549301744217,True,309,13.745069825578291,0.457817405462265
42,2072,97.87465463154741,True,491,21.2534536845258,0.4666087031364441
42,2073,98.36141339218791,True,306,16.38586607812088,0.4666087031364441
42,2074,97.90388047922315,True,420,20.96119520776852,0.4666087031364441
42,2075,98.32001786312003,True,451,16.799821368799666,0.4666087031364441
42,2076,98.74244883949271,True,353,12.575511605072919,0.45156940817832947
42,2077,98.37568181890516,True,306,16.243181810948414,0.4666087031364441
42,2078,98.14267204021293,True,664,18.573279597870645,0.4666087031364441
42,2079,98.11394951854898,True,593,18.86050481451021,0.4666087031364441
42,2080,98.57627082574949,True,345,14.23729174250512,0.4605705440044403
42,2081,97.71992078352767,True,567,22.800792164723333,0.4666087031364441
42,2082,-0.6604533871242989,False,999,6.604533871242976,-0.7211795449256897
42,2083,98.39136433929004,True,307,16.086356607099624,0.4666087031364441
42,2084,97.70903663733209,True,398,22.909633626679067,0.4666087031364441
42,2085,97.53063646568975,True,549,24.69363534310237,0.4666087031364441
42,2086,98.40539818250839,True,346,15.946018174916084,0.4612480103969574
42,2087,97.43276976793148,True,726,25.672302320685162,0.4666087031364441
42,2088,97.96267260193481,True,489,20.37327398065184,0.4666087031364441
42,2089,98.53379080007645,True,345,14.66209199923547,0.46187302470207214
42,2090,98.03593012660177,True,665,19.640698733982322,0.4666087031364441
42,2091,97.93677715266091,True,419,20.632228473390875,0.4666087031364441
42,2092,98.5026401682655,True,381,14.97359831734506,0.46514010429382324
42,2093,98.39933496590986,True,307,16.006650340901473,0.4666087031364441
42,2094,98.25836787459397,True,342,17.41632125406021,0.4666087031364441
42,2095,98.70396994784215,True,310,12.960300521578484,0.4589707851409912
42,2096,97.74974533417087,True,427,22.502546658291287,0.4666087031364441
42,2097,98.54127719504612,True,345,14.587228049538712,0.4620971083641052
42,2098,97.79348962906927,True,775,22.065103709307312,0.4666087031364441
42,2099,98.06848816496634,True,522,19.315118350336565,0.4666087031364441
42,2100,98.02642859920371,True,487,19.735714007962784,0.4666087031364441
42,2101,98.57585185927206,True,345,14.241481407279243,0.4606131613254547
42,2102,97.67772505854815,True,432,23.222749414518546,0.4666087031364441
42,2103,98.4450715852961,True,310,15.549284147038993,0.4501282572746277
42,2104,98.11154838538084,True,451,18.884516146191498,0.4666087031364441
42,2105,98.53423092082782,True,309,14.657690791721727,0.45130884647369385
42,2106,98.25226772997405,True,953,17.477322700259432,0.459856241941452
42,2107,97.76854103543064,True,565,22.31458964569353,0.4666087031364441
42,2108,-0.5886290084058236,False,999,5.886290084058242,-0.4641977846622467
42,2109,98.32599303983373,True,415,16.740069601662686,0.4666087031364441
42,2110,-0.7224047127919202,False,999,7.224047127919199,-0.7733609080314636
42,2111,97.99777500690213,True,453,20.02224993097872,0.4666087031364441
42,2112,98.4144547126773,True,346,15.855452873226918,0.4653738737106323
42,2113,98.18202645570307,True,629,18.17973544296932,0.4666087031364441
42,2114,98.17054822040609,True,379,18.294517795939047,0.4666087031364441
42,2115,-1.077378479471757,False,999,10.77378479471754,-0.8353032469749451
42,2116,98.06701344582441,True,381,19.329865541755762,0.4666087031364441
42,2117,98.58490289674198,True,489,14.150971032580175,0.45090970396995544
42,2118,98.25230989991371,True,486,17.476901000862913,0.4666087031364441
42,2119,98.61270048403846,True,345,13.872995159615394,0.454533189535141
42,2120,98.29328761390964,True,342,17.06712386090353,0.4666087031364441
42,2121,98.3792013173165,True,739,16.20798682683495,0.46990448236465454
42,2122,98.12473437285622,True,451,18.75265627143769,0.4666087031364441
42,2123,98.33995670035497,True,416,16.600432996450223,0.4666087031364441
42,2124,98.07439458464751,True,629,19.25605415352489,0.4666087031364441
42,2125,97.67312319337843,True,639,23.26876806621565,0.4666087031364441
2026,2026,96.90430862054896,True,285,30.95691379451035,0.46756550669670105
2026,2027,96.00011423706839,True,294,39.99885762931612,0.46047067642211914
2026,2028,96.6384201139214,True,362,33.61579886078593,0.46279245615005493
2026,2029,96.01931572197365,True,401,39.80684278026348,0.46047067642211914
2026,2030,96.64602380483359,True,364,33.53976195166409,0.4575140178203583
2026,2031,96.62944159086409,True,362,33.70558409135903,0.4668959379196167
2026,2032,95.6467151171431,True,519,43.532848828568945,0.46626147627830505
2026,2033,96.53075566262513,True,287,34.69244337374873,0.46047067642211914
2026,2034,96.34647555111157,True,288,36.535244488884416,0.46047067642211914
2026,2035,96.88867846490754,True,285,31.113215350924452,0.46121054887771606
2026,2036,96.40070611336728,True,325,35.992938866327165,0.46047067642211914
2026,2037,96.80243368313249,True,323,31.975663168675023,0.46355345845222473
2026,2038,95.02416864419683,True,557,49.7583135580315,0.46047067642211914
2026,2039,95.44115310965503,True,628,45.58846890344958,0.47267627716064453
2026,2040,96.03060954063082,True,476,39.69390459369174,0.4519772529602051
2026,2041,94.40662791552266,True,744,55.93372084477316,0.46047067642211914
2026,2042,95.95869884069523,True,515,40.4130115930476,0.47234517335891724
2026,2043,95.0509504809932,True,424,49.490495190067946,0.46047067642211914
2026,2044,96.0037900807262,True,442,39.96209919273795,0.47445571422576904
2026,2045,96.72456865289115,True,324,32.75431347108858,0.4725467264652252
2026,2046,95.35106332689915,True,446,46.489366731008346,0.46047067642211914
2026,2047,96.32226238223586,True,440,36.777376177641344,0.45272424817085266
2026,2048,96.28408583679847,True,402,37.15914163201529,0.4532358944416046
2026,2049,96.44752637125683,True,363,35.52473628743169,0.48554301261901855
2026,2050,96.71854377997722,True,335,32.814562200227684,0.455400675535202
2026,2051,94.41131376908,True,673,55.88686230919987,0.46047067642211914
2026,2052,96.60939926720327,True,361,33.906007327967274,0.4593481421470642
2026,2053,96.37694316741796,True,400,36.23056832582033,0.47399336099624634
2026,2054,95.13789379698105,True,520,48.62106203018942,0.46047067642211914
2026,2055,96.47057550313752,True,400,35.29424496862465,0.4761984944343567
2026,2056,96.6828466861607,True,337,33.17153313839293,0.4503903388977051
2026,2057,96.53068672237147,True,326,34.69313277628528,0.46047067642211914
2026,2058,93.93983530524906,True,974,60.601646947509366,0.4628239870071411
2026,2059,95.69449769637009,True,370,43.05502303629905,0.46047067642211914
2026,2060,96.34568140527426,True,325,36.54318594725744,0.46047067642211914
2026,2061,96.82203337858468,True,286,31.779666214153178,0.47002923488616943
2026,2062,96.8580217988115,True,323,31.41978201188491,0.45616772770881653
2026,2063,96.18331547184724,True,363,38.16684528152764,0.46047067642211914
2026,2064,95.3822361945339,True,553,46.17763805466089,0.46047067642211914
2026,2065,96.50053847640082,True,399,34.99461523599179,0.4529842436313629
2026,2066,96.01381389337982,True,294,39.86186106620187,0.46047067642211914
2026,2067,95.35048393133344,True,414,46.4951606866655,0.46047067642211914
2026,2068,96.07181561878008,True,401,39.28184381219921,0.46047067642211914
2026,2069,96.13043038207341,True,363,38.69569617926592,0.46047067642211914
2026,2070,96.79301858862392,True,299,32.0698141137608,0.4553676247596741
2026,2071,96.72619709505041,True,324,32.738029049495864,0.47818225622177124
2026,2072,95.82197682349126,True,367,41.78023176508745,0.46047067642211914
2026,2073,96.33729937031575,True,325,36.62700629684247,0.46047067642211914
2026,2074,96.8885145426339,True,285,31.114854573660995,0.46109139919281006
2026,2075,95.78782565222984,True,557,42.121743477701386,0.4579687714576721
2026,2076,96.77553400451808,True,287,32.244659954819234,0.4554605484008789
2026,2077,96.37376110710133,True,325,36.26238892898668,0.46047067642211914
2026,2078,94.61595750899842,True,534,53.84042491001564,0.46047067642211914
2026,2079,95.85853014763892,True,514,41.41469852361071,0.47462886571884155
2026,2080,96.64852614845846,True,289,33.51473851541547,0.46047067642211914
2026,2081,96.44781465010955,True,363,35.52185349890445,0.4794323742389679
2026,2082,96.03216064152794,True,441,39.67839358472064,0.4905509650707245
2026,2083,96.41457390784373,True,325,35.85426092156274,0.46047067642211914
2026,2084,96.87003323706952,True,325,31.299667629304714,0.45801639556884766
2026,2085,95.11189376490326,True,708,48.88106235096737,0.4676162004470825
2026,2086,96.5180695774387,True,286,34.819304225613024,0.46047067642211914
2026,2087,95.1377128176911,True,452,48.62287182308894,0.46047067642211914
2026,2088,95.91626465589133,True,365,40.83735344108668,0.46047067642211914
2026,2089,96.61592988996564,True,287,33.84070110034361,0.46047067642211914
2026,2090,94.88456905965953,True,526,51.15430940340461,0.46047067642211914
2026,2091,96.89507243328364,True,285,31.049275667163496,0.4648134410381317
2026,2092,96.4997388457874,True,403,35.002611542125905,0.4571571350097656
2026,2093,96.43513673264253,True,325,35.64863267357468,0.46047067642211914
2026,2094,96.29035153413054,True,288,37.09648465869462,0.46047067642211914
2026,2095,96.80674018502096,True,323,31.932598149790405,0.46424204111099243
2026,2096,96.82180623195576,True,286,31.781937680442315,0.46815207600593567
2026,2097,96.62103114845358,True,288,33.78968851546418,0.46047067642211914
2026,2098,95.71117463639983,True,440,42.88825363600162,0.46047067642211914
2026,2099,95.04724243660647,True,683,49.5275756339352,0.45661836862564087
2026,2100,95.97874199488055,True,364,40.21258005119451,0.46047067642211914
2026,2101,96.6481914368114,True,289,33.51808563188605,0.46047067642211914
2026,2102,96.76872226359828,True,287,32.31277736401732,0.48915916681289673
2026,2103,96.57302472292906,True,328,34.269752770709275,0.4546762704849243
2026,2104,95.02383429387132,True,557,49.76165706128681,0.46047067642211914
2026,2105,96.62589163959608,True,326,33.74108360403925,0.4896593391895294
2026,2106,96.12345918252964,True,439,38.76540817470351,0.47258302569389343
2026,2107,96.5003482366563,True,362,34.996517633437094,0.45027971267700195
2026,2108,96.08178929414733,True,440,39.18210705852668,0.46223628520965576
2026,2109,96.97114457135008,True,288,30.288554286499163,0.46193915605545044
2026,2110,96.03356774040489,True,441,39.664322595951035,0.4869895577430725
2026,2111,96.15492600263912,True,479,38.45073997360882,0.45724427700042725
2026,2112,96.52515384653411,True,286,34.74846153465896,0.46047067642211914
2026,2113,96.44428640711902,True,376,35.55713592880967,0.4541674852371216
2026,2114,96.0892480823699,True,401,39.107519176301,0.46047067642211914
2026,2115,96.03932881853667,True,441,39.60671181463324,0.473102331161499
2026,2116,95.81661897029551,True,403,41.83381029704488,0.46047067642211914
2026,2117,96.36802544902758,True,365,36.319745509724214,0.4686695635318756
2026,2118,96.18834611329147,True,363,38.11653886708524,0.46047067642211914
2026,2119,96.65872168314225,True,290,33.412783168577505,0.47376585006713867
2026,2120,96.34212624459492,True,288,36.57873755405083,0.46047067642211914
2026,2121,96.26699735935426,True,438,37.33002640645738,0.47775042057037354
2026,2122,95.11572891490866,True,555,48.842710850913335,0.46047067642211914
2026,2123,96.98733932179903,True,288,30.126606782009613,0.45149821043014526
2026,2124,96.55626038950939,True,370,34.43739610490607,0.4605658948421478
2026,2125,96.62467301749712,True,364,33.75326982502888,0.4708870053291321
